bids_name	cjv	cnr	efc	fber	fwhm_avg	fwhm_x	fwhm_y	fwhm_z	icvs_csf	icvs_gm	icvs_wm	inu_med	inu_range	qi_1	qi_2	rpve_csf	rpve_gm	rpve_wm	size_x	size_y	size_z	snr_csf	snr_gm	snr_total	snr_wm	snrd_csf	snrd_gm	snrd_total	snrd_wm	spacing_x	spacing_y	spacing_z	summary_bg_k	summary_bg_mad	summary_bg_mean	summary_bg_median	summary_bg_n	summary_bg_p05	summary_bg_p95	summary_bg_stdv	summary_csf_k	summary_csf_mad	summary_csf_mean	summary_csf_median	summary_csf_n	summary_csf_p05	summary_csf_p95	summary_csf_stdv	summary_gm_k	summary_gm_mad	summary_gm_mean	summary_gm_median	summary_gm_n	summary_gm_p05	summary_gm_p95	summary_gm_stdv	summary_wm_k	summary_wm_mad	summary_wm_mean	summary_wm_median	summary_wm_n	summary_wm_p05	summary_wm_p95	summary_wm_stdv	tpm_overlap_csf	tpm_overlap_gm	tpm_overlap_wm	wm2max
sub-MP02935_T1w	0.4599407228986183	2.921209456417556	0.516677513169013	8495.876109467457	3.862726666666667	3.94897	4.02029	3.61892	0.15978465730407013	0.4242288802229407	0.41598646247298915	1.0492441654205322	0.9113290905952454	0.0	0.003030510172817047	29.960949956349683	12.271720959848047	14.4146576226088	176	256	256	0.9284592774551547	8.68027939157718	7.6850507882668735	13.446413695768284	9.78918352660572	50.92211027793683	45.09833043801786	74.58369750951104	1.0	1.0	1.0	3.159465338483251	0.0	6.745486153050961	0.0	2666206.0	0.0	24.926685750484467	8.78436866413426	2.513931809148229	94.09896602419374	177.62311080470928	131.2578525915742	15090.0	33.200669676065445	472.59896476194245	141.36700072890932	0.1942693329653422	76.20308180919649	682.9220986021948	682.7869583144784	26104.0	553.9379871189594	814.3590128272772	78.65805340852748	0.7471548476610597	69.72019099812374	1008.3091143953477	1000.0523482710123	238431.0	901.8642478883266	1143.2236903756857	74.37300932002502	0.15065193877618827	0.44801814783042276	0.49339062082881485	0.3746432054132769
sub-MP02936_T1w	0.45911064981976446	2.6933850771029944	0.4983513815317841	-1.0	4.1548066666666665	4.15195	4.308	4.00447	0.18540828648501703	0.4038232971389929	0.41076841637599004	1.025644302368164	0.9100585579872129	0.0	0.0031066173671951236	25.84518688699216	12.236248755275263	14.15669747759749	176	256	256	1.0337050735278281	8.203333478443065	6.47481870880092	10.187417574431866	9.211696129115122	46.98555810504254	42.54406936132185	71.4349538498079	1.0	1.0	1.0	3.355781503324325	0.0	6.549822996011364	0.0	2846612.0	0.0	25.32289843261242	9.172257032488314	4.417138767161133	94.89710579787513	166.41495175530082	128.9686309620738	23305.0	32.58891602307558	412.9159453466534	124.76079228172834	0.26994148919145067	75.55922638578328	661.198813125796	657.8227308914065	21653.0	534.3640572264791	800.2417656943201	80.18783368232133	1.4106988267869287	81.59641800711927	1017.9653468497776	1000.127237342298	236045.0	889.8644660264254	1211.108974032104	98.17258510542051	0.17404490518798382	0.4566700982474736	0.5085105992182422	0.28078166586285125
sub-MP02937_T1w	0.4987975007835986	2.4935061128103446	0.5555121255308548	6408.4796280864875	4.09308	4.14312	4.20133	3.93479	0.18113131876580804	0.4068775435697822	0.41199113766440976	1.02443528175354	1.098420003056526	0.0	0.002434108999624431	25.21078879085521	11.442449945952923	13.007785003193936	176	256	256	1.0329471933995265	8.540347060942887	6.27228283056575	9.243554237354838	8.385535803604474	44.637396175433835	39.99890264007153	66.97377594117627	1.0	1.0	1.0	4.885296809355901	0.0	7.08884420512622	0.0	2215788.0	0.0	26.866460494697094	9.783275607632861	2.7113015092652963	82.89419169805375	163.9477132256417	125.2227900698781	22816.0	36.61957975290716	421.347954146564	121.2259897232757	0.24496363850818792	75.16262009929785	668.1707687185954	666.5786684900522	28629.0	542.6760976091027	800.1188394501805	78.04917317330462	1.239848344400123	91.21297126633542	1019.7789321344724	1000.132046572864	246709.0	879.7280565425754	1235.5271279588342	108.19756058576328	0.18842975903535333	0.45571883775997707	0.497282940959722	0.2683073003147289
sub-MP02939_T1w	0.47838704710682	2.548643984347634	0.5242529445212634	6956.4616508400295	3.8407133333333334	3.98703	3.85602	3.67909	0.20497619142586052	0.4001933433027488	0.39483046527139065	1.0202630758285522	1.0386379063129414	0.0	0.002844972687738031	23.05223596747025	11.647332895654671	13.658543667394367	176	256	256	1.0994229940607416	8.565773689307704	6.183797469058544	8.88619572380719	7.410489228364533	44.68496426726961	40.18356652873077	68.45524609055816	1.0	1.0	1.0	4.245682339735587	0.0	6.706427580633845	0.0	2385905.0	0.0	27.362066745758057	9.570902792094175	5.628124409729351	63.469356956094224	136.8943890407725	108.26000821590424	34284.0	38.3454315662384	347.02615567445747	98.46840562594213	0.742383455448651	70.13530592372602	654.1952169886114	652.8036745786667	21792.0	531.8614126563073	781.8742687702179	76.20895905337812	1.3514807033349214	95.98966513389794	1020.7873669325795	1000.0642704963684	225983.0	875.5219056606293	1240.2145788431164	112.54107931886081	0.17679972393501903	0.4334933234434586	0.48745263919146037	0.258406080924088
sub-MP02941_T1w	0.4422774322308461	2.892464632436288	0.48723607565707605	7695.64618710869	4.141066666666667	4.27012	4.14784	4.00524	0.20627371675290987	0.40937293664854957	0.38435334659854054	0.9409348964691162	1.0668238997459407	0.0	0.0032371327595770247	28.78852379207717	14.42432912841133	17.427290876057906	176	256	256	1.0337329713746946	8.289040624331394	6.736939250837323	10.88804415680588	6.522366462220154	42.58840581461508	38.22422938245311	65.5619158705241	1.0	1.0	1.0	3.3986740665414352	0.0	7.477046307337681	0.0	3064894.0	0.0	25.855300836265087	9.99375777916278	5.910401862696219	59.20430798816306	124.567036482015	99.49523575603962	33186.0	27.706114128232002	333.46888274885714	96.2470381089613	0.3554130583280708	73.75592863132111	651.6997381242759	649.6635081060231	20936.0	525.406633913517	784.7027718555182	78.37432845362122	1.1085470750334183	81.2396192478024	1012.0427136272401	1000.1122006773949	179244.0	882.3892582580447	1182.0527558028698	91.8539084213507	0.16639932871997806	0.45707679208857366	0.4997483914751208	0.36764232146166603
sub-MP02950_T1w	0.43537800928676224	2.871883234944252	0.5064549029715344	6629.629240230112	4.382243333333333	4.3886	4.51573	4.2424	0.20806621228192357	0.38666810645643335	0.40526568126164303	0.938167929649353	1.0715450644493103	0.0	0.0035534433533467628	26.219371510841427	13.895822769188662	16.117691275772415	176	256	256	1.1885925356225808	8.299023804127437	7.0314716828198724	11.606798708709597	8.10010258324757	45.325210192953925	40.63944398965115	68.49301919275194	1.0	1.0	1.0	3.039093064105641	0.0	6.841906028156316	0.0	2391524.0	0.0	26.73961127176881	9.565597683233824	5.726735535068201	63.88641172975813	143.95356220510405	118.26899330317974	30839.0	37.43545578047633	356.4666799195111	99.50178233496104	0.6742728812591281	73.18229474892408	663.9812530789469	661.7900113835931	15331.0	537.5583921186626	798.2542344257236	79.74051445773715	1.4203669560823462	74.09365582923446	1013.1092927449997	1000.0614615641534	220182.0	897.5903535410762	1178.8172996751964	86.16150031299426	0.1838792962624583	0.4554168030534447	0.5231706130263385	0.34611334909021346
sub-MP02953_T1w	0.47256752706827443	2.6305621570650866	0.5060515016669601	7295.098284794528	4.16833	4.30883	4.13887	4.05729	0.21134580273227438	0.3981402304618909	0.3905139668058347	0.9542295932769775	1.171206802129745	0.0	0.002262330848255178	27.402055993941435	14.15822299937568	16.499197808930052	176	256	256	1.15064445884256	8.19617499012765	6.213326200551978	9.293159152685721	7.109287443902061	40.05887107623732	36.338584430001454	61.847594769865	1.0	1.0	1.0	4.845855173574724	0.0	7.850007352189601	0.0	2471958.0	0.0	29.2249855697155	10.59344057903471	5.18526868869295	64.9455060452842	140.5759725635404	114.95592993497849	35385.0	36.74183329939842	352.90304082632065	99.90427945007484	0.5012155180022004	73.20780415163694	649.6238332202479	647.744912981987	17550.0	522.6153184473515	783.6378558605909	79.02789523506563	1.9471347411627224	93.28711001474994	1016.3058739737199	1000.0647501051426	187201.0	871.4359333515167	1214.7485132813454	107.61271410204051	0.15888740723693529	0.45705243576744314	0.48966807195163026	0.2935769973586456
sub-MP02957_T1w	0.4870513617152219	2.531504184396014	0.5280240222545773	5429.479224999999	3.8713833333333336	3.99549	3.98103	3.63763	0.21212706296926	0.3879825297109316	0.39989040731980835	1.00405752658844	0.9913086533546446	0.0	0.0028771810630491405	26.073399794431456	13.68764570166554	15.52595984262651	176	256	256	1.2004831189270713	8.33563969241703	6.33863891709375	9.479793939937148	7.636294161909404	42.67551116100264	38.18363713413196	64.23910607948383	1.0	1.0	1.0	4.952527468277043	0.0	7.706709532353533	0.0	2050946.0	0.0	28.078519497066736	10.199952850562777	4.997555673363986	70.65725645293534	141.97787529686505	118.89102850109339	32887.0	33.491855688393116	346.1702014535663	99.03447957255406	0.5321199329888269	73.1325106598853	666.0434712432763	664.4237775765359	15339.0	537.8883089024573	801.7859186332672	79.70619457547299	1.3251154031114476	90.38428240529414	1018.848650631114	1000.151805292815	203375.0	880.1477543972433	1222.5185021314765	105.50327915783879	0.16392267703076807	0.43690461545773457	0.4875292408874846	0.3381811698401469
sub-MP02959_T1w	0.5122163422674697	2.511839190534605	0.5690329882993661	7045.744187401666	4.166836666666667	4.24427	4.29964	3.9566	0.18017249522285814	0.41961223735927744	0.4002152674178644	1.0064929127693176	1.186599686741829	0.0	0.0021498115426563454	25.442374303908768	11.251929259015848	13.253010328917371	176	256	256	1.1240366890569287	8.214241142915311	6.161629069491954	9.146609376503621	7.300228959032707	41.76879617678886	37.50023370002604	63.43167596425654	1.0	1.0	1.0	3.302566911701714	0.0	7.505583491236357	0.0	1766210.0	0.0	27.16468620300293	10.328952252859038	6.116506449964852	67.01915873672407	141.54991775063053	115.09620951116085	26536.0	37.75820640847087	357.6329976543784	102.39349118295306	0.23034655757613143	76.45847686865703	660.1791485079966	658.5314163118601	29982.0	529.1454499959946	795.8404161036015	80.16814002050323	0.9320357567305404	98.48355250983396	1018.0793275651533	1000.0707522183657	229000.0	872.3118374198675	1227.0090682059526	109.33762747367629	0.17248789686419916	0.456719631084977	0.4847020447223963	0.27490520175012156
sub-MP02961_T1w	0.4452473242762611	2.877896138253181	0.46722999387509395	8820.722056976667	4.093046666666667	4.2732	3.93589	4.07005	0.18120728245090137	0.436155230278521	0.38263748727057767	0.9302734434604645	1.1240366131067276	0.0	0.003247734076679042	31.261521939997873	13.71862651406783	17.39915395419253	176	256	256	1.1328189546826426	9.072543238511996	6.792447591029547	10.171980579894006	8.162576477499783	42.66762489599887	38.85984707324897	65.74933984624826	1.0	1.0	1.0	4.399138967201585	0.0	6.9397552483796385	0.0	3010315.0	0.0	28.47113786637783	9.964799107773414	9.965865699805114	71.31601689820151	153.28822854436368	124.15496192872524	20071.0	39.16406521573663	383.93784430995584	109.59550816370941	0.1660972854015288	69.3885569820339	648.7982926811633	648.9859371185303	21999.0	529.9011778235435	765.8021057479083	71.53134127211729	1.0150284444298938	86.92844221915914	1016.0800850888086	1000.0649682059884	164688.0	883.6453154236078	1202.3530527725816	98.31535993461762	0.15588343059490858	0.4668492437093477	0.49482232383432506	0.291421211145417
sub-MP02962_T1w	0.4526749388184449	2.7710924890548903	0.5060173217499699	6836.797898292362	3.8661933333333334	3.95895	3.86529	3.77434	0.18537522729013425	0.41684908679717353	0.39777568591269225	0.9805617332458496	1.0291176438331604	0.0	0.0018813611492567927	30.073485369013465	13.737846790490378	16.35050640561311	176	256	256	1.113827414095055	8.948861033097023	6.850320817999292	10.488274006805797	9.333893888966342	42.04392283614637	38.23258283148511	63.31993176934263	1.0	1.0	1.0	5.935425962210735	0.0	7.7414540980022775	0.0	2898828.0	0.0	25.858993604779243	10.347678174789944	1.3611924941910765	106.02606286892359	188.70482695987022	147.4259865283966	18606.0	40.126024559140205	451.3583303280175	132.35625449996598	0.41594793619839976	70.86031134381925	664.2284611652011	664.0708449631929	18911.0	543.1874806061387	785.6675608679652	74.20534126992807	1.3834713231074183	81.26020778482756	1015.4388095610472	1000.1188699007034	183016.0	887.2309874743223	1199.9316107146442	95.35564544954428	0.1570278156272891	0.4688469987739674	0.4951794237622589	0.3671532090470287
sub-MP02964_T1w	0.41958554654649227	3.0271954371005263	0.5027563360339529	8619.875306304299	3.9194633333333333	4.03734	4.00999	3.71106	0.19633611256680114	0.43667034617131384	0.366993541261885	0.9777451157569885	0.9621062994003293	0.0	0.0030268335287617232	28.948423186342442	13.404977034507125	17.51397797799023	176	256	256	1.2060205774200545	9.155695008609184	7.120417065299378	10.999535609868895	7.811906382901362	43.8155574875831	39.69061609477688	67.44438441384617	1.0	1.0	1.0	3.1752991534611823	0.0	6.92219430442429	0.0	2424593.0	0.0	27.749897241592407	9.714875161427393	4.976391192377403	59.218304378850036	141.06417822552558	115.84106040000916	26410.0	39.97166049480438	349.20883985161777	96.0504898666876	0.31652915161884554	68.14700659118219	650.0980843651109	649.7313706278801	22864.0	533.1522810459137	767.4322645664215	70.96317223874676	1.1852268684368026	78.87020287560071	1008.7790451285838	1000.1181050539017	156258.0	874.8302711248398	1172.7578912973404	90.92337534117196	0.17033039355767846	0.4681475744272104	0.4760777311183392	0.324981294246302
sub-MP02972_T1w	0.4987872892884275	2.4770281855171103	0.5012749790248843	5376.2873661511	3.911426666666667	3.98224	3.89676	3.85528	0.22086593336234825	0.3862398678670305	0.39289419877062126	0.9440816640853882	0.9716710150241854	0.0	0.0022615298175880753	31.268020287975943	16.78086072715285	19.058366568002544	176	256	256	1.1211308343479318	8.092391056087427	5.750616109353506	8.038326437625157	6.031808961283461	35.78995914771302	32.73972729899895	56.39741378800036	1.0	1.0	1.0	2282.3185425690913	0.0	7.049828895819026	0.0	2117515.0	0.0	27.980692975223064	11.617941189541757	3.907948843654051	64.98230206718407	132.77057320854192	106.96581929922104	29007.0	32.22019191086292	337.79023057967424	95.40721940123215	0.3714058498709285	74.26548807678179	637.0053628792091	634.6856021955609	16914.0	510.34762071929873	770.8713526204228	78.42760382951029	1.2717262098131785	108.01373721584018	1019.5301233189571	1000.1304104477167	147598.0	850.9000479131937	1257.435384310782	124.41980680693807	0.1738835792288058	0.43780998738596694	0.4942483771680709	0.27015503875968994
sub-MP02973_T1w	0.5058231321661141	2.392064516107957	0.5498358346588212	4699.776136857228	3.958736666666667	4.07501	4.01874	3.78246	0.20029958202831333	0.4200573613037056	0.3796430566679811	1.023037612438202	0.9798827707767485	0.0	0.00281480793797767	23.121869223753137	10.8421490834392	13.145457351235754	176	256	256	1.1582024437218055	7.542928851430092	5.422409931778783	7.566098500184451	6.452174264275839	38.82220623786031	35.76830703926046	62.03054061564524	1.0	1.0	1.0	3.8912049023663435	0.0	7.3400072050225065	0.0	2262011.0	0.0	28.03444553911686	10.562841227528002	8.094595771572722	59.08415325033863	127.44430723678587	104.02916450053453	50214.0	37.965930730104446	310.0760534629226	89.81860572053176	0.19260492914508998	79.95931149651506	630.6083280399924	625.9349970370531	30110.0	500.3739954974502	772.2672598510981	82.98163951181485	1.4339042229509555	109.31500278020066	1026.0005481701216	1000.1257017329335	211736.0	854.4220139309764	1287.3216247558594	132.18481625341133	0.16675182691510582	0.4365801250558361	0.46211555452296366	0.27560582702534164
sub-MP02975_T1w	0.45888185998546716	2.6934251629414168	0.49666932683640175	7678.140625	4.1905	4.44323	4.04333	4.08494	0.19831768485796303	0.4056152204645821	0.3960670946774549	0.9389505982398987	1.0967969059944154	0.0	0.0028779319509103676	27.37180420528513	13.301453819007307	15.585922529101639	176	256	256	1.0587370691885847	8.119738166921833	6.320560911511856	9.783207498425151	7.093368424250468	42.107528344069166	38.01452677277326	64.84268355000015	1.0	1.0	1.0	3.8800157416889203	0.0	7.2311587686636205	0.0	2681147.0	0.0	28.364814706146717	10.104734047941227	4.396570401752668	69.13449545868883	138.56346908910098	109.40714243799448	28689.0	31.319742655754094	358.3068329781293	103.33560505879672	0.5040756006854288	73.94063685421266	652.7075545665776	649.4607463926077	19427.0	527.6478937864304	791.534180931747	79.98337106581732	1.9302738087131077	86.97267409976763	1016.6809728307568	1000.1246644631028	203701.0	883.1743515208364	1209.8996127843857	102.22845725566509	0.16336462135704216	0.4621381736544335	0.5047795330865136	0.2705350668622789
sub-MP02976_T1w	0.46103448330493096	2.7725355533117395	0.5283929723454167	7797.6059623813	4.118353333333333	4.21664	4.20068	3.93774	0.17232809477832658	0.42004517665821184	0.4076267285634616	0.9490863680839539	1.0373548269271848	0.0	0.0025029529731858046	31.473622103425942	13.638284998831825	16.0822479196726	176	256	256	0.9823237840414581	8.552899029414997	6.471644293241822	9.879710066269011	8.04620668003084	44.406961178536775	40.313813304269736	68.4882720542416	1.0	1.0	1.0	6.391273502121466	0.0	6.992995233502763	0.0	2225334.0	0.0	25.3849583491683	9.566740005268711	4.901175558099512	80.48270128547296	153.13867492434997	117.49609293043613	16375.0	28.230305328965187	392.87546856924877	119.60669905121888	0.23062972884597022	72.62467803560664	649.4355477850812	648.4601558074355	25331.0	526.6123557314277	776.2497098706663	75.81608922499242	1.3462434943802695	89.49874901426695	1017.1163013335454	1000.1115678399801	208711.0	883.8428794890642	1210.3324976414442	101.22859529321813	0.18265380304129067	0.48143510688392926	0.5211646994532808	0.3299476397244467
sub-MP02977_T1w	0.4187261273460913	2.996425331033817	0.5001304254981043	8193.731139053254	4.116583333333334	4.12966	4.19909	4.021	0.19145833782445837	0.4013170349865328	0.4072246271890088	0.9797044396400452	1.0512138694524764	0.0	0.0031830751147330573	24.95297643811984	12.053439026020389	13.975464155332594	176	256	256	1.0854108795299127	7.744675028675527	7.03033122035544	12.260907752860879	7.895322638388505	43.96670771705393	39.885060036543685	67.79314975418862	1.0	1.0	1.0	3.3996217040257752	0.0	7.236125683790747	0.0	3213400.0	0.0	25.565486907958984	9.664237804297771	4.982934555621173	71.40210003294999	145.1032997279225	116.46776994690299	30396.0	31.95685863494873	370.71204331330955	107.30116703932485	0.35015218011179794	80.10064513805277	650.393434237014	648.5744325146079	20599.0	516.397869244963	792.2304985970259	83.74253110170349	2.0140097072410104	67.07133502317542	1011.8212062056455	1000.0499449074268	242741.0	902.2819305211306	1165.7262838929892	81.5639351629965	0.1537610938628537	0.4427094449540722	0.5028993564470757	0.36147818914190105
sub-MP02978_T1w	0.4189658787627602	3.0021532448714483	0.49451612974358344	-1.0	4.315616666666666	4.31168	4.52386	4.11131	0.19091742273348894	0.41900143005120377	0.3900811472153073	0.9855692088603973	1.1144991844892502	0.0	0.0028947317435488126	25.493335053702204	11.911267846268176	14.465219910042551	176	256	256	1.0563336792161047	8.415412415972643	6.95542859166796	11.394539679815134	7.139030672477467	40.70748681350761	36.886381805984136	62.812627931967334	1.0	1.0	1.0	2.931565300300141	0.0	7.256468999822922	0.0	3102770.0	0.0	29.61094033718109	10.430703078365923	9.603836073543448	69.78920021901943	144.957754753874	113.66351985931396	30236.0	37.312440514564514	373.80492563545704	107.60012908265332	0.248588240610085	73.82496497075398	649.1721231256381	648.1210752725601	29388.0	523.3932881325484	777.7187334299088	77.0146507591899	1.8381718455200335	73.62809839749865	1012.5927937844433	1000.0663549304008	226391.0	893.9715507626534	1175.0763072371483	87.76696332758532	0.16928702947764962	0.4648338946277564	0.5046026665822837	0.2992252681764005
sub-MP02984_T1w	0.477656314400338	2.585393212161186	0.49562254772815945	9981.36462223499	3.9947266666666668	4.16301	3.90588	3.91529	0.1847396002067427	0.4221437380063599	0.39311666178689736	0.942042887210846	1.0671407938003536	0.0	0.002699724976684679	29.361300944572612	13.299380399583816	16.02933825363068	176	256	256	1.022027281654508	8.450382602102888	6.03267127708605	8.625603947500753	8.202467601856293	42.96016449296278	39.39676337782725	67.02765803866265	1.0	1.0	1.0	5.072182620566981	0.0	6.772876980362758	0.0	2501968.0	0.0	27.574668638408184	9.774726116324363	3.942360471260211	83.510064701473	159.0043595473587	122.3819563165307	17504.0	34.762672148644924	401.8279858864842	119.74089403974732	0.30049214262826895	72.39376345958276	644.0722848169789	640.9716233611107	24120.0	523.357915924862	774.2006487678736	75.84962317849345	1.0525277043556889	99.12800859503781	1023.2599492524191	1000.0619711354375	192477.0	874.2099441587925	1249.8450931161642	115.94079433103013	0.16245355003691989	0.4677808791280052	0.505579995258542	0.2957223918186021
sub-MP02985_T1w	0.45072128264600825	2.769038849088464	0.5376101043150023	7308.292115844064	4.296446666666666	4.37602	4.34519	4.16813	0.18640895296207363	0.41302285510973324	0.40056819192819315	0.9678441286087036	1.168304020166397	0.0	0.0032079860829774182	25.352771751162276	11.723578697061068	13.999793003265404	176	256	256	1.1103017818337655	8.157561296188907	6.322167437285934	9.698639233835129	8.163973860316586	41.673457128361356	38.31287513317067	65.10119441083407	1.0	1.0	1.0	3.52690473752628	0.0	7.232186152939083	0.0	2710315.0	0.0	28.15253283828497	10.064047149739109	6.32248124387772	79.19185802115464	155.66121147612802	125.41299469769001	24145.0	35.3799556940794	386.97686947882175	112.95163138767658	0.2876462658644905	74.95672643883775	642.955309427138	640.17758352682	24718.0	518.2888178788126	776.6382103040814	78.4750013550614	1.2149613321002821	87.25391573207116	1017.0400928271636	1000.0688254460692	225261.0	879.2676148563623	1215.652524344623	103.11411544771423	0.1719179350601539	0.45600555613815047	0.49271920627139365	0.2925115561845228
sub-MP02987_T1w	0.487489371434558	2.6270112356060036	0.5532972233214498	6418.772366230678	4.079833333333333	4.08333	4.20347	3.9527	0.16041011978334455	0.427699661344893	0.4118902188717624	1.034718632698059	1.0470823258161546	0.0	0.0031127474522239483	25.002897759531816	10.164364483575927	11.922775487013665	176	256	256	0.9619437211361692	8.801904050865415	6.5731288525552705	9.955538785664226	7.889839429594552	45.32953522049922	40.35054030659624	67.83224626969495	1.0	1.0	1.0	2.8637287308953434	0.0	6.902069364346702	0.0	2459183.0	0.0	26.486449390649796	9.658844479348232	4.257987697747274	67.20239373265649	154.06080019526757	116.32193237543106	22269.0	39.93446622043848	429.01221608370486	120.92112879843893	0.2283244088948626	73.37610761472283	668.998518938595	668.3049988001585	41449.0	544.7470776736736	795.412650257349	75.92640559529036	1.4346987769619384	88.3549544105559	1016.6809865035578	1000.0682566314936	279628.0	885.5211894214153	1210.4580427706242	100.45327429772364	0.1884030451367679	0.4648865858697042	0.4965339164390872	0.28951996996106794
sub-MP02988_T1w	0.46942109678881594	2.7126727259574426	0.5460822623082471	3130.218629460645	4.196906666666666	4.27175	4.3762	3.94277	0.2119460159888342	0.3801352145371254	0.4079187694740404	1.0278818607330322	1.1110261678695674	0.0	0.0013028582528124967	23.02066195411491	12.321195917437661	13.581478934384268	176	256	256	1.2054781663963128	7.751462638744702	6.577474900811734	10.77548389729419	6.162773312660389	33.6783935218492	30.360907397337076	51.24155535750164	1.0	1.0	1.0	5.476459864107165	0.0	9.28336364424297	0.0	2628383.0	0.0	33.66591466218233	12.786078552270673	3.910913652087271	69.52530954045153	146.02668710492196	120.27679071947932	36102.0	37.850014954805374	358.2812895186242	99.7737895794969	0.17656373291258198	82.45692167872357	658.0677791378641	657.2899705842137	20539.0	518.7511913567781	797.4959528513252	84.79354155465003	1.6102444587624456	78.44859909711896	1014.0583751852697	1000.06434071064	250609.0	889.539722211659	1192.919178813696	92.80904272814747	0.16769525984803524	0.43455758508017234	0.4939938791379887	0.25471357838475917
sub-MP02989_T1w	0.44882004596536895	2.7263413876703333	0.5306286516349572	7579.238754325259	4.229443333333333	4.26246	4.33419	4.09168	0.20579163377065815	0.3974891968153679	0.396719169413974	1.0225414037704468	0.9958320319652552	0.0	0.0025917212888493654	22.806730388124624	11.6147650443551	13.571670274114592	176	256	256	1.0137151361968981	7.376745947838427	6.092331696819817	9.886534006424124	6.1709051910200285	41.1301497719011	37.30724371779714	64.6206761904703	1.0	1.0	1.0	4.362123373547677	0.0	7.038922719823631	0.0	2488978.0	0.0	27.208803948014975	10.139424969003024	5.928261911016595	55.387950610752604	123.16168380060367	95.50595902651548	44940.0	33.62885881215334	329.69121745638495	94.2127556512476	0.22082986652053682	82.49269239899324	639.106756371101	636.5637256242335	21853.0	500.1283882543445	786.6095793060958	86.29132211991342	1.9051650541315537	80.67966619242196	1018.6576471445525	1000.1222610734403	232586.0	889.0858836136758	1216.7532552033663	101.15983118208823	0.17769689469505603	0.4438540952303083	0.481935445215507	0.2845091490990051
sub-MP02991_T1w	0.4588481283991687	2.754116936255626	0.510196651802013	6510.673040656111	3.8155266666666665	3.91447	3.83793	3.69418	0.2615888043969566	0.36750877870891235	0.37090241689413106	1.082880973815918	0.7639196276664731	0.0	0.0030393650403462732	18.36590306222275	11.452695348391071	13.242571306642917	176	256	256	1.373511951948029	6.368203413099053	5.1612240646547365	7.741956828917129	5.336891368804606	39.923576854736154	38.55154759505893	70.39417456163602	1.0	1.0	1.0	2.840613069558408	0.0	6.696364498528223	0.0	2388285.0	0.0	25.313488125801086	9.307775298369561	11.896219763903073	34.05484905588828	88.53765485807625	75.82327230274677	141603.0	29.88397903740406	185.5736502185464	55.20374574306721	0.24147910337788936	86.91805224595976	572.2423183723322	567.2096413373947	20760.0	435.2513652741909	728.5274619039147	89.06687542167029	0.6198319125239911	111.7207548108988	1016.3846542854667	1000.1171651184559	220702.0	826.2041263282299	1260.5765510424972	129.1811516717105	0.14508801031243732	0.3905045047704439	0.40109708104836034	0.29309841498806516
sub-MP02992_T1w	0.4728046498798692	2.606338500664538	0.504205140719233	7044.256638466428	4.04202	4.17452	4.00696	3.94458	0.2049918442014943	0.4024412672497395	0.3925668885487662	0.9499146640300751	1.0316257238388062	0.0	0.002271413570254193	30.103778782981045	15.17603930219423	17.63799203653643	176	256	256	1.0137435955005403	8.381995316909459	6.147357619208681	9.046333945216043	7.1864870353435	39.8853940410985	36.22568138327395	61.60516307337986	1.0	1.0	1.0	6.521092428464925	0.0	7.5874290150785635	0.0	2607722.0	0.0	28.945030510425568	10.63579014212812	3.751611231367341	75.28766043766541	150.048250707628	116.66878525912762	25237.0	31.103212609887123	400.609378415346	115.08479490377388	0.348187214657925	72.9819758367619	650.1581415476228	647.5181057825685	19172.0	528.2182426404208	782.6520431809129	77.24905514781885	1.2564427388013524	93.73313724489343	1019.2328215330795	1000.1269752681255	174328.0	872.8577073439956	1234.2262571156025	110.5557359257274	0.1642448364742127	0.4582918664056966	0.4961596824942967	0.30058950340538376
sub-MP02996_T1w	0.4430334912201084	2.7736558724416756	0.4929683811904275	-1.0	3.7009233333333333	3.87199	3.66864	3.56214	0.18153424228029563	0.43915403629687455	0.3793117214228298	0.9582573771476746	1.030027136206627	0.0	0.003008328600417863	29.373569785256425	12.64044415493177	16.17602265237598	176	256	256	0.9127614517831992	8.559219818295041	6.453333120516505	9.888018091471276	7.107463541947502	43.75482331048355	39.445091672126615	67.47298816394881	1.0	1.0	1.0	33.48482439918398	0.0	6.884180987985288	0.0	2982829.0	0.0	27.046221401542425	9.710184690359673	29.08265164002959	56.594569288003754	138.4233060130457	105.3441446274519	25662.0	36.219447478652	375.39208391681314	115.4103209220842	0.4005027170008666	71.15999332181558	649.1878484063272	648.5174925997853	23639.0	525.4778989590704	774.8712840490043	75.76669242204501	1.5819825951222848	84.58475161803972	1012.8801125875106	1000.0591887161136	160197.0	870.2728352509439	1199.9171529896557	101.1381712814633	0.1628921639044748	0.45078004569481256	0.46998037987355296	0.31738201347595524
sub-MP03032_T1w	0.48242326999953133	2.6060972592966376	0.5436484705648579	4055.9282763693977	4.125213333333334	4.21522	4.21452	3.9459	0.21667322858156565	0.3651793540334286	0.41814741738500577	1.0081780552864075	0.9842629879713058	0.0	0.001725882229252757	23.98598021326816	13.287565124101	13.909929258276003	176	256	256	1.1022138210492873	7.4723436583038145	6.085451990000966	9.681798490649793	6.182480572628931	37.92779569907938	34.23017004531274	58.58023386422992	1.0	1.0	1.0	5.152606668100704	0.0	8.041831281432351	0.0	2047136.0	0.0	28.892768025398254	11.185020435437439	5.560711151504739	62.9610037056099	131.45123404923552	105.5523270368576	43019.0	32.964903116226196	336.24847549200047	95.76281679963374	0.35736343077313215	81.7438906558375	650.6959321685113	647.5341165065765	19868.0	513.4994668066502	800.5268173515792	86.65525168613712	1.2191375439670695	88.35623351076457	1017.6487442853678	1000.1293057203293	256793.0	880.873920917511	1218.8611334562302	103.29974945656676	0.17812153376879322	0.44146373690664936	0.511776369606566	0.26041003767681414
sub-MP03041_T1w	0.47421811048173207	2.8296727339329273	0.5278969463848436	11897.153635116598	4.392006666666667	4.40243	4.52012	4.25347	0.15560847867700306	0.41888849965036806	0.4255030216726289	0.9927567839622498	1.0568858504295342	0.0	0.0032130428749195267	28.930427053452387	11.855806320015608	13.602232043594528	176	256	256	1.0185632972440162	8.63775304837334	7.147838799229892	11.78720005207232	12.832536200030402	53.23306841913752	48.38088426238753	79.07704816799469	1.0	1.0	1.0	2.679213540015784	0.0	6.33560086742265	0.0	2555325.0	0.0	22.21536612510681	8.285637993724922	6.82751890055418	137.76932370673515	209.85462218065268	162.29559141397476	15469.0	35.07148078083992	498.29271916449045	159.33260695234668	0.2195748572546008	74.86966014389259	676.4880993026711	673.2490122914314	33660.0	553.887701381743	810.5034635789692	77.94145163896387	0.5749416591307308	80.13035927823942	1012.0081259592255	1000.10287129879	268405.0	894.3741843700409	1170.7806494683027	84.84635908704095	0.1573897827393801	0.4426095683147408	0.4901444503784378	0.3795324148159713
sub-MP03047_T1w	0.4914339314756754	2.483838480720073	0.5673936185583036	5115.655328798186	4.294203333333333	4.33003	4.43427	4.11831	0.22132552751809934	0.36321421148084665	0.41546026100105404	1.0232517719268799	1.0738384783267962	0.0	0.0012494174366418265	21.84677517818171	12.231939622641509	12.970360573102337	176	256	256	1.1275848256203935	7.723504421917148	5.922415386498134	8.91615691195686	6.576861513611069	35.84437114364586	32.510994798429245	55.11175173803082	1.0	1.0	1.0	42.462148681161445	0.0	8.632243840412764	0.0	2084454.0	0.0	30.859578251838684	11.888786596094349	2.465578156827868	79.21324753261938	149.95763268334883	119.35057036578655	42275.0	34.25643481314182	371.06339894235134	105.84494935381258	0.41749821645745167	79.0425293267301	653.7131845299112	650.46924456954	21986.0	520.0788903795183	799.0529322065413	84.21752821814869	1.1872398572238945	92.78534490081601	1022.2270130439564	1000.115175023675	247504.0	878.7495202571154	1246.761505678296	112.16863548895213	0.171020920574741	0.4213884406221238	0.49024598622058135	0.2937913305258173
sub-MP03057_T1w	0.4995054133760385	2.4477821916568683	0.5217319375954763	9890.49750096117	4.206916666666667	4.27765	4.32237	4.02073	0.19189384030115977	0.3991591552726733	0.40894700442616694	0.9918432235717773	1.037450343370437	0.0	0.0031891341544519696	24.406592118776608	11.622972096706286	13.153699999654545	176	256	256	1.0188971759797774	7.991708308610518	5.9213077532895895	8.753317775278475	7.31954291260002	42.19816323198881	37.98240520492687	64.42950947019179	1.0	1.0	1.0	3.579849058429355	0.0	7.125379399611009	0.0	2610185.0	0.0	28.724771738052368	10.169034923754204	5.843091402418507	69.70886634118408	145.89312619704964	113.6140313744545	38730.0	36.88865423202515	385.97778150439194	111.50542694477988	0.2796661333682673	78.22634840216477	657.4369048189837	655.0003871321678	27444.0	526.0412803292274	796.8856412172318	81.95850353034866	1.5328138014771202	94.1405912003129	1021.9763640626982	1000.0756055116653	239081.0	877.3150020837784	1250.6614431738853	114.25079491965744	0.16977565189977625	0.44579049670535786	0.49095419432119	0.2794322646052465
sub-MP03058_T1w	0.41054421082732995	3.0170177702654826	0.5141890853590587	8275.527220306403	4.21128	4.34469	4.26884	4.02031	0.17287531397238104	0.4290793870269239	0.3980452990006951	0.9677675664424896	1.097139599919319	0.0	0.0032259505514972233	28.121012122803187	12.014682440688858	14.625112527364609	176	256	256	0.9381671823925228	8.464567256453915	6.642330428174648	10.524256845677508	7.39005169619297	46.643875841016175	42.53533258569528	73.5720702198767	1.0	1.0	1.0	3.710991804234035	0.0	6.380438345795646	0.0	2575687.0	0.0	23.469079989939928	8.905226195484554	6.415765715303452	64.04483805272284	130.91732235511338	100.45248890295625	25426.0	27.450980450958014	362.8657624665648	107.07101610420446	0.6543806285422464	69.05393153170674	635.838399818906	634.0271506793797	26801.0	516.742082554847	761.8099563829601	74.90227237101067	1.3083118849509008	81.21887283781052	1012.9385965731623	1000.0603339672089	217488.0	880.0603337101638	1191.5535470470786	95.02409999231307	0.16091703894856627	0.4601123211539151	0.5018883302446487	0.33755549220054576
sub-MP03062_T1w	0.4883135305610384	2.5620785600713174	0.4928598132712497	12116.102914931587	3.6356800000000002	3.78616	3.63457	3.48631	0.18973398657871976	0.41581842318962553	0.3944475902316547	0.9663357138633728	0.9838133454322815	0.0	0.0031708758640909018	30.967294524707235	14.192399490989493	16.763565681407712	176	256	256	1.0702996369802278	8.744413251835546	6.39746465962013	9.377681090044618	8.289191171319656	47.41133284424003	42.37442943536263	71.42276429052819	1.0	1.0	1.0	3.3818515329021057	0.0	6.652027518386947	0.0	2712296.0	0.0	23.478069342672825	9.173162299433454	4.230183058027881	70.27249680276053	146.05150550720148	116.06452632695436	21785.0	33.10131564736366	382.4549874663351	108.43866373765196	0.42662206744969744	71.37818294126551	665.2818875525059	663.8493159785867	20432.0	542.8682057186961	792.2329233959317	75.91510731800915	1.0999925494525336	92.79573295749148	1019.0593529176265	1000.0552689656615	169483.0	878.2455209642649	1226.4943424612284	106.64174960177786	0.16224432541047198	0.45689810408306547	0.48912730384120084	0.37168796340690574
sub-MP03063_T1w	0.47250456449434597	2.7535523048711203	0.49124574717868497	5226.15275849009	3.717303333333333	3.75664	3.77153	3.62374	0.18309492425555998	0.40947296556293683	0.40743211018150316	1.0456618070602417	0.7636409521102905	0.0009168283288255105	0.0007904341101836907	28.054576611422558	13.123833837656127	15.441094593391654	176	256	256	1.0206711400598374	8.285882686730966	7.349461887455036	12.741831835574306	3.0726085960087395	18.94530276263124	16.618657976038055	27.838062569474182	1.0	1.0	1.0	285.2625472058521	0.0	8.655797013848881	0.0	2762446.0	0.0	27.22844898700714	23.53521700489964	4.90448087691698	65.33855197161024	142.1989160671367	110.38084600120783	21853.0	34.59890845417977	382.0667794495818	108.14288374521477	0.14813817282602715	79.25888261802521	682.4273614727955	680.5938606709242	20046.0	551.0386704746634	822.9857388325036	82.13692015540049	1.4435772405781533	71.68970282903707	1010.5267745314359	1000.0586802512407	223687.0	902.7052387222648	1152.6318857818842	78.48608094632407	0.1675984903110393	0.4511295820815981	0.5024386282827978	0.2724801739575339
sub-MP03145_T1w	0.4596387555568917	2.6278469075520543	0.5278175117783211	4270.09265157049	4.15325	4.23526	4.22014	4.00435	0.22234821598908192	0.37497385730048605	0.40267792671043207	0.9799505770206451	1.0937626004219052	0.0	0.0020296943142979165	23.963989464002008	13.403979996299103	14.705657927718898	176	256	256	1.136241752785908	7.57382421149956	5.949524014421976	9.13850607898046	4.199794506719389	22.10285294765816	20.37933072113015	34.8353447090129	1.0	1.0	1.0	4961.2591005103495	0.0	7.889537558160651	0.0	3177204.0	0.0	30.504679076373577	18.807897436979054	2.9579535107767523	78.24248424107935	148.19597604557535	120.56924991309643	34337.0	32.876533173024654	372.46015497744065	106.11077609965942	0.2956149055118851	80.87987135032921	637.1130037300992	634.5368556901813	20948.0	504.2166500464082	780.1851684335618	83.77824626856768	1.6425439534453092	87.13145560929186	1018.8325824316199	1000.0659259185195	218179.0	873.7646952718496	1234.2865179628134	109.43403937420325	0.15893289072310768	0.4282840082952656	0.49393413728126623	0.2610542608994755
sub-MP03153_T1w	0.46130502464338385	2.7901968631642666	0.48842531769505443	6324.927335640138	4.428036666666666	4.45638	4.61215	4.21558	0.22391293370953946	0.3814060827018093	0.3946809835886512	0.9626253545284271	1.1163909196853634	0.0	0.0022627550297791483	25.4007280526254	13.954460480897321	15.923731608514807	176	256	256	1.2612733701239296	7.853026856494608	6.245927926465289	9.62348355277733	6.538594371546456	41.025830430450355	37.487256752243475	64.89734545473361	1.0	1.0	1.0	282.774386775463	0.0	6.8463343073268765	0.0	3195812.0	0.0	27.08003944158554	10.09560379399033	6.8189507883419225	52.296791012786244	119.66644525802771	100.75925890356302	46116.0	35.55836954712868	279.7848934829235	79.88606501165533	0.4183189875647022	75.13852843272069	634.7732616730602	632.2050329446793	17776.0	504.6504546403885	771.7811240851879	80.50236701112803	0.7545295293063745	94.55635038724401	1013.6738328266789	1000.0633257329464	192402.0	867.1939733326435	1204.1759594678879	103.9187858902509	0.17922309793139848	0.44086198369356683	0.48910636034630683	0.27298791018998275
